member,section,force,dcr_max,tension,dcr_tension,bending_yy,dcr_bending_yy,bending_zz,dcr_bending_zz,shear_y,dcr_shear_y,shear_z,dcr_shear_z,compression,dcr_compression,compression_perp,dcr_compression_perp
elemento 1,secci贸n 1,force_1,0.5602240896358543,10000,0.5602240896358543,0.0,0.0,0.0,0.0,10.0,0.004581901489117984,10.0,0.004581901489117984,0.0,0.0,10.0,0.5330490405117271
elemento 1,secci贸n 1,force_2,0.008963585434173669,0,0.0,400.0,0.008963585434173669,50.0,0.0033613445378151263,0.0,0.0,0.0,0.0,0.0,0.0,0.0,0.0
elemento 1,secci贸n 1,force_3,0.5952380952380952,0,0.0,1000.0,0.022408963585434174,0.0,0.0,10.0,0.004581901489117984,0.0,0.0,10000.0,0.5952380952380952,0.0,0.0
elemento 1,secci贸n 1,force_4,1.0660980810234542,0,0.0,400.0,0.008963585434173669,50.0,0.0033613445378151263,10.0,0.004581901489117984,20.0,0.009163802978235968,2000.0,0.11904761904761904,20.0,1.0660980810234542
